story_id,customer_id,company_name,segment,title,challenge_category,specific_challenge,solution,arr,team_size,adoption_before,adoption_after,engagement_increase,support_reduction,full_story
SUCCESS-001,CUST-0002,DataBridge Solutions,Commercial,How DataBridge Solutions Overcame Pricing Concerns and Lifted Adoption by 45%,Pricing Concerns,Too expensive,Created custom pricing tier,94900,74,53,98,119,53,"**Company:** DataBridge Solutions
**Segment:** Commercial   |   **Industry:** Manufacturing   |   **Seats:** 74
**ARR:** $94,900

**Challenge:**
DataBridge Solutions was facing too expensive. Feature adoption had stalled at 53% and the account was evaluating alternatives.

**Solution Implemented:**
Created custom pricing tier. Customer Success worked with their leadership on a tailored plan.

**Results:**
- Feature adoption rose from 53% to 98%
- Support tickets reduced by 63%
- Renewed and expanded contract

**Key Learnings:**
Early intervention matters most for Commercial accounts facing pricing concerns."
SUCCESS-002,CUST-0004,ScaleSystems LLC,Enterprise,How ScaleSystems LLC Overcame Product Fit and Lifted Adoption by 37%,Product Fit,Doesn't scale,Built custom integration,206100,451,25,62,147,79,"**Company:** ScaleSystems LLC
**Segment:** Enterprise   |   **Industry:** Financial Services   |   **Seats:** 451
**ARR:** $206,100

**Challenge:**
ScaleSystems LLC was facing doesn't scale. Feature adoption had stalled at 25% and the account was evaluating alternatives.

**Solution Implemented:**
Built custom integration. Customer Success worked with their leadership on a tailored plan.

**Results:**
- Feature adoption rose from 25% to 62%
- Support tickets reduced by 61%
- Renewed and expanded contract

**Key Learnings:**
Early intervention matters most for Enterprise accounts facing product fit."
SUCCESS-003,CUST-0005,IntegrationHQ Solutions,Commercial,How IntegrationHQ Solutions Overcame Support Issues and Lifted Adoption by 30%,Support Issues,No training,Assigned dedicated success manager,79700,27,32,62,45,66,"**Company:** IntegrationHQ Solutions
**Segment:** Commercial   |   **Industry:** Retail   |   **Seats:** 27
**ARR:** $79,700

**Challenge:**
IntegrationHQ Solutions was facing no training. Feature adoption had stalled at 32% and the account was evaluating alternatives.

**Solution Implemented:**
Assigned dedicated success manager. Customer Success worked with their leadership on a tailored plan.

**Results:**
- Feature adoption rose from 32% to 62%
- Support tickets reduced by 75%
- Renewed and expanded contract

**Key Learnings:**
Early intervention matters most for Commercial accounts facing support issues."
SUCCESS-004,CUST-0007,DisasterRecovery Solutions,SMB,How DisasterRecovery Solutions Overcame Product Fit and Lifted Adoption by 35%,Product Fit,Too complex,Provided API access for customization,41000,18,65,100,122,61,"**Company:** DisasterRecovery Solutions
**Segment:** SMB   |   **Industry:** Technology   |   **Seats:** 18
**ARR:** $41,000

**Challenge:**
DisasterRecovery Solutions was facing too complex. Feature adoption had stalled at 65% and the account was evaluating alternatives.

**Solution Implemented:**
Provided API access for customization. Customer Success worked with their leadership on a tailored plan.

**Results:**
- Feature adoption rose from 65% to 100%
- Support tickets reduced by 76%
- Renewed and expanded contract

**Key Learnings:**
Early intervention matters most for SMB accounts facing product fit."
SUCCESS-005,CUST-0011,CloudScale Group,SMB,How CloudScale Group Overcame Competition and Lifted Adoption by 27%,Competition,Competitor cheaper,Improved product based on feedback,41700,13,73,100,120,67,"**Company:** CloudScale Group
**Segment:** SMB   |   **Industry:** Financial Services   |   **Seats:** 13
**ARR:** $41,700

**Challenge:**
CloudScale Group was facing competitor cheaper. Feature adoption had stalled at 73% and the account was evaluating alternatives.

**Solution Implemented:**
Improved product based on feedback. Customer Success worked with their leadership on a tailored plan.

**Results:**
- Feature adoption rose from 73% to 100%
- Support tickets reduced by 57%
- Renewed and expanded contract

**Key Learnings:**
Early intervention matters most for SMB accounts facing competition."
SUCCESS-006,CUST-0016,APIGateway Inc,SMB,How APIGateway Inc Overcame Adoption Challenges and Lifted Adoption by 39%,Adoption Challenges,Lack of champions,Simplified user interface,23900,7,61,100,131,76,"**Company:** APIGateway Inc
**Segment:** SMB   |   **Industry:** Education   |   **Seats:** 7
**ARR:** $23,900

**Challenge:**
APIGateway Inc was facing lack of champions. Feature adoption had stalled at 61% and the account was evaluating alternatives.

**Solution Implemented:**
Simplified user interface. Customer Success worked with their leadership on a tailored plan.

**Results:**
- Feature adoption rose from 61% to 100%
- Support tickets reduced by 57%
- Renewed and expanded contract

**Key Learnings:**
Early intervention matters most for SMB accounts facing adoption challenges."
SUCCESS-007,CUST-0021,ContainerOps Corp,Enterprise,How ContainerOps Corp Overcame Support Issues and Lifted Adoption by 41%,Support Issues,Poor documentation,Created custom training program,304500,456,54,95,128,80,"**Company:** ContainerOps Corp
**Segment:** Enterprise   |   **Industry:** Energy   |   **Seats:** 456
**ARR:** $304,500

**Challenge:**
ContainerOps Corp was facing poor documentation. Feature adoption had stalled at 54% and the account was evaluating alternatives.

**Solution Implemented:**
Created custom training program. Customer Success worked with their leadership on a tailored plan.

**Results:**
- Feature adoption rose from 54% to 95%
- Support tickets reduced by 74%
- Renewed and expanded contract

**Key Learnings:**
Early intervention matters most for Enterprise accounts facing support issues."
SUCCESS-008,CUST-0023,AIForge Technologies,SMB,How AIForge Technologies Overcame Product Fit and Lifted Adoption by 42%,Product Fit,Doesn't scale,Fast-tracked feature request,45900,17,24,66,140,53,"**Company:** AIForge Technologies
**Segment:** SMB   |   **Industry:** Technology   |   **Seats:** 17
**ARR:** $45,900

**Challenge:**
AIForge Technologies was facing doesn't scale. Feature adoption had stalled at 24% and the account was evaluating alternatives.

**Solution Implemented:**
Fast-tracked feature request. Customer Success worked with their leadership on a tailored plan.

**Results:**
- Feature adoption rose from 24% to 66%
- Support tickets reduced by 54%
- Renewed and expanded contract

**Key Learnings:**
Early intervention matters most for SMB accounts facing product fit."
SUCCESS-009,CUST-0025,MicroServe LLC,SMB,How MicroServe LLC Overcame Competition and Lifted Adoption by 18%,Competition,Competitor cheaper,Highlighted unique differentiators,50800,21,15,33,51,69,"**Company:** MicroServe LLC
**Segment:** SMB   |   **Industry:** Energy   |   **Seats:** 21
**ARR:** $50,800

**Challenge:**
MicroServe LLC was facing competitor cheaper. Feature adoption had stalled at 15% and the account was evaluating alternatives.

**Solution Implemented:**
Highlighted unique differentiators. Customer Success worked with their leadership on a tailored plan.

**Results:**
- Feature adoption rose from 15% to 33%
- Support tickets reduced by 49%
- Renewed and expanded contract

**Key Learnings:**
Early intervention matters most for SMB accounts facing competition."
SUCCESS-010,CUST-0026,LoadBalance Group,SMB,How LoadBalance Group Overcame Product Fit and Lifted Adoption by 24%,Product Fit,Doesn't scale,Simplified workflow with automation,34200,12,15,39,104,70,"**Company:** LoadBalance Group
**Segment:** SMB   |   **Industry:** Media   |   **Seats:** 12
**ARR:** $34,200

**Challenge:**
LoadBalance Group was facing doesn't scale. Feature adoption had stalled at 15% and the account was evaluating alternatives.

**Solution Implemented:**
Simplified workflow with automation. Customer Success worked with their leadership on a tailored plan.

**Results:**
- Feature adoption rose from 15% to 39%
- Support tickets reduced by 69%
- Renewed and expanded contract

**Key Learnings:**
Early intervention matters most for SMB accounts facing product fit."
SUCCESS-011,CUST-0030,DataBridge Labs,SMB,How DataBridge Labs Overcame Competition and Lifted Adoption by 29%,Competition,Competitor has better features,Improved product based on feedback,11300,17,15,44,82,77,"**Company:** DataBridge Labs
**Segment:** SMB   |   **Industry:** Technology   |   **Seats:** 17
**ARR:** $11,300

**Challenge:**
DataBridge Labs was facing competitor has better features. Feature adoption had stalled at 15% and the account was evaluating alternatives.

**Solution Implemented:**
Improved product based on feedback. Customer Success worked with their leadership on a tailored plan.

**Results:**
- Feature adoption rose from 15% to 44%
- Support tickets reduced by 61%
- Renewed and expanded contract

**Key Learnings:**
Early intervention matters most for SMB accounts facing competition."
SUCCESS-012,CUST-0031,MonitorPlus Technologies,Commercial,How MonitorPlus Technologies Overcame Product Fit and Lifted Adoption by 38%,Product Fit,Poor integration,Simplified workflow with automation,82700,78,40,78,114,64,"**Company:** MonitorPlus Technologies
**Segment:** Commercial   |   **Industry:** Media   |   **Seats:** 78
**ARR:** $82,700

**Challenge:**
MonitorPlus Technologies was facing poor integration. Feature adoption had stalled at 40% and the account was evaluating alternatives.

**Solution Implemented:**
Simplified workflow with automation. Customer Success worked with their leadership on a tailored plan.

**Results:**
- Feature adoption rose from 40% to 78%
- Support tickets reduced by 74%
- Renewed and expanded contract

**Key Learnings:**
Early intervention matters most for Commercial accounts facing product fit."
SUCCESS-013,CUST-0032,SecureNet LLC,SMB,How SecureNet LLC Overcame Product Fit and Lifted Adoption by 36%,Product Fit,Doesn't scale,Fast-tracked feature request,60000,16,64,100,56,71,"**Company:** SecureNet LLC
**Segment:** SMB   |   **Industry:** Public Sector   |   **Seats:** 16
**ARR:** $60,000

**Challenge:**
SecureNet LLC was facing doesn't scale. Feature adoption had stalled at 64% and the account was evaluating alternatives.

**Solution Implemented:**
Fast-tracked feature request. Customer Success worked with their leadership on a tailored plan.

**Results:**
- Feature adoption rose from 64% to 100%
- Support tickets reduced by 60%
- Renewed and expanded contract

**Key Learnings:**
Early intervention matters most for SMB accounts facing product fit."
SUCCESS-014,CUST-0035,DataSync Inc,Commercial,How DataSync Inc Overcame Product Fit and Lifted Adoption by 43%,Product Fit,Doesn't scale,Built custom integration,129600,92,33,76,115,44,"**Company:** DataSync Inc
**Segment:** Commercial   |   **Industry:** Technology   |   **Seats:** 92
**ARR:** $129,600

**Challenge:**
DataSync Inc was facing doesn't scale. Feature adoption had stalled at 33% and the account was evaluating alternatives.

**Solution Implemented:**
Built custom integration. Customer Success worked with their leadership on a tailored plan.

**Results:**
- Feature adoption rose from 33% to 76%
- Support tickets reduced by 55%
- Renewed and expanded contract

**Key Learnings:**
Early intervention matters most for Commercial accounts facing product fit."
SUCCESS-015,CUST-0041,APIGateway Technologies,Commercial,How APIGateway Technologies Overcame Product Fit and Lifted Adoption by 32%,Product Fit,Doesn't scale,Fast-tracked feature request,62100,44,28,60,35,70,"**Company:** APIGateway Technologies
**Segment:** Commercial   |   **Industry:** Media   |   **Seats:** 44
**ARR:** $62,100

**Challenge:**
APIGateway Technologies was facing doesn't scale. Feature adoption had stalled at 28% and the account was evaluating alternatives.

**Solution Implemented:**
Fast-tracked feature request. Customer Success worked with their leadership on a tailored plan.

**Results:**
- Feature adoption rose from 28% to 60%
- Support tickets reduced by 65%
- Renewed and expanded contract

**Key Learnings:**
Early intervention matters most for Commercial accounts facing product fit."
SUCCESS-016,CUST-0043,LoadBalance Technologies,SMB,How LoadBalance Technologies Overcame Product Fit and Lifted Adoption by 27%,Product Fit,Poor integration,Provided API access for customization,41900,29,54,81,148,43,"**Company:** LoadBalance Technologies
**Segment:** SMB   |   **Industry:** Media   |   **Seats:** 29
**ARR:** $41,900

**Challenge:**
LoadBalance Technologies was facing poor integration. Feature adoption had stalled at 54% and the account was evaluating alternatives.

**Solution Implemented:**
Provided API access for customization. Customer Success worked with their leadership on a tailored plan.

**Results:**
- Feature adoption rose from 54% to 81%
- Support tickets reduced by 61%
- Renewed and expanded contract

**Key Learnings:**
Early intervention matters most for SMB accounts facing product fit."
SUCCESS-017,CUST-0046,DisasterRecovery Group,SMB,How DisasterRecovery Group Overcame Competition and Lifted Adoption by 45%,Competition,Competitor has better features,Matched competitor pricing,13000,28,55,100,36,64,"**Company:** DisasterRecovery Group
**Segment:** SMB   |   **Industry:** Technology   |   **Seats:** 28
**ARR:** $13,000

**Challenge:**
DisasterRecovery Group was facing competitor has better features. Feature adoption had stalled at 55% and the account was evaluating alternatives.

**Solution Implemented:**
Matched competitor pricing. Customer Success worked with their leadership on a tailored plan.

**Results:**
- Feature adoption rose from 55% to 100%
- Support tickets reduced by 73%
- Renewed and expanded contract

**Key Learnings:**
Early intervention matters most for SMB accounts facing competition."
SUCCESS-018,CUST-0050,SecurityFirst Group,SMB,How SecurityFirst Group Overcame Support Issues and Lifted Adoption by 30%,Support Issues,Slow response,Assigned dedicated success manager,39400,5,38,68,97,80,"**Company:** SecurityFirst Group
**Segment:** SMB   |   **Industry:** Manufacturing   |   **Seats:** 5
**ARR:** $39,400

**Challenge:**
SecurityFirst Group was facing slow response. Feature adoption had stalled at 38% and the account was evaluating alternatives.

**Solution Implemented:**
Assigned dedicated success manager. Customer Success worked with their leadership on a tailored plan.

**Results:**
- Feature adoption rose from 38% to 68%
- Support tickets reduced by 72%
- Renewed and expanded contract

**Key Learnings:**
Early intervention matters most for SMB accounts facing support issues."
SUCCESS-019,CUST-0054,DevTools Corp,Commercial,How DevTools Corp Overcame Pricing Concerns and Lifted Adoption by 31%,Pricing Concerns,Budget cuts,Created custom pricing tier,63100,56,45,76,59,43,"**Company:** DevTools Corp
**Segment:** Commercial   |   **Industry:** Media   |   **Seats:** 56
**ARR:** $63,100

**Challenge:**
DevTools Corp was facing budget cuts. Feature adoption had stalled at 45% and the account was evaluating alternatives.

**Solution Implemented:**
Created custom pricing tier. Customer Success worked with their leadership on a tailored plan.

**Results:**
- Feature adoption rose from 45% to 76%
- Support tickets reduced by 74%
- Renewed and expanded contract

**Key Learnings:**
Early intervention matters most for Commercial accounts facing pricing concerns."
SUCCESS-020,CUST-0056,TechFlow Corp,SMB,How TechFlow Corp Overcame Support Issues and Lifted Adoption by 31%,Support Issues,Slow response,Set up weekly check-ins,30800,20,15,46,68,45,"**Company:** TechFlow Corp
**Segment:** SMB   |   **Industry:** Public Sector   |   **Seats:** 20
**ARR:** $30,800

**Challenge:**
TechFlow Corp was facing slow response. Feature adoption had stalled at 15% and the account was evaluating alternatives.

**Solution Implemented:**
Set up weekly check-ins. Customer Success worked with their leadership on a tailored plan.

**Results:**
- Feature adoption rose from 15% to 46%
- Support tickets reduced by 78%
- Renewed and expanded contract

**Key Learnings:**
Early intervention matters most for SMB accounts facing support issues."
SUCCESS-021,CUST-0059,CloudScale Solutions,SMB,How CloudScale Solutions Overcame Competition and Lifted Adoption by 32%,Competition,Competitor has better features,Matched competitor pricing,25900,20,68,100,77,50,"**Company:** CloudScale Solutions
**Segment:** SMB   |   **Industry:** Education   |   **Seats:** 20
**ARR:** $25,900

**Challenge:**
CloudScale Solutions was facing competitor has better features. Feature adoption had stalled at 68% and the account was evaluating alternatives.

**Solution Implemented:**
Matched competitor pricing. Customer Success worked with their leadership on a tailored plan.

**Results:**
- Feature adoption rose from 68% to 100%
- Support tickets reduced by 66%
- Renewed and expanded contract

**Key Learnings:**
Early intervention matters most for SMB accounts facing competition."
SUCCESS-022,CUST-0060,ContainerOps LLC,Commercial,How ContainerOps LLC Overcame Adoption Challenges and Lifted Adoption by 44%,Adoption Challenges,Lack of champions,Created internal champions program,146500,62,35,79,59,60,"**Company:** ContainerOps LLC
**Segment:** Commercial   |   **Industry:** Retail   |   **Seats:** 62
**ARR:** $146,500

**Challenge:**
ContainerOps LLC was facing lack of champions. Feature adoption had stalled at 35% and the account was evaluating alternatives.

**Solution Implemented:**
Created internal champions program. Customer Success worked with their leadership on a tailored plan.

**Results:**
- Feature adoption rose from 35% to 79%
- Support tickets reduced by 52%
- Renewed and expanded contract

**Key Learnings:**
Early intervention matters most for Commercial accounts facing adoption challenges."
SUCCESS-023,CUST-0061,MicroServe Technologies,Enterprise,How MicroServe Technologies Overcame Competition and Lifted Adoption by 33%,Competition,Competitor cheaper,Improved product based on feedback,287800,185,67,100,77,74,"**Company:** MicroServe Technologies
**Segment:** Enterprise   |   **Industry:** Retail   |   **Seats:** 185
**ARR:** $287,800

**Challenge:**
MicroServe Technologies was facing competitor cheaper. Feature adoption had stalled at 67% and the account was evaluating alternatives.

**Solution Implemented:**
Improved product based on feedback. Customer Success worked with their leadership on a tailored plan.

**Results:**
- Feature adoption rose from 67% to 100%
- Support tickets reduced by 58%
- Renewed and expanded contract

**Key Learnings:**
Early intervention matters most for Enterprise accounts facing competition."
SUCCESS-024,CUST-0068,ScaleSystems Solutions,Commercial,How ScaleSystems Solutions Overcame Product Fit and Lifted Adoption by 33%,Product Fit,Doesn't scale,Provided API access for customization,128900,24,47,80,58,71,"**Company:** ScaleSystems Solutions
**Segment:** Commercial   |   **Industry:** Financial Services   |   **Seats:** 24
**ARR:** $128,900

**Challenge:**
ScaleSystems Solutions was facing doesn't scale. Feature adoption had stalled at 47% and the account was evaluating alternatives.

**Solution Implemented:**
Provided API access for customization. Customer Success worked with their leadership on a tailored plan.

**Results:**
- Feature adoption rose from 47% to 80%
- Support tickets reduced by 50%
- Renewed and expanded contract

**Key Learnings:**
Early intervention matters most for Commercial accounts facing product fit."
SUCCESS-025,CUST-0069,WorkflowPro Technologies,Commercial,How WorkflowPro Technologies Overcame Competition and Lifted Adoption by 33%,Competition,Competitor has better features,Highlighted unique differentiators,103100,54,44,77,102,53,"**Company:** WorkflowPro Technologies
**Segment:** Commercial   |   **Industry:** Public Sector   |   **Seats:** 54
**ARR:** $103,100

**Challenge:**
WorkflowPro Technologies was facing competitor has better features. Feature adoption had stalled at 44% and the account was evaluating alternatives.

**Solution Implemented:**
Highlighted unique differentiators. Customer Success worked with their leadership on a tailored plan.

**Results:**
- Feature adoption rose from 44% to 77%
- Support tickets reduced by 55%
- Renewed and expanded contract

**Key Learnings:**
Early intervention matters most for Commercial accounts facing competition."
SUCCESS-026,CUST-0072,AnalyticsCo Labs,SMB,How AnalyticsCo Labs Overcame Support Issues and Lifted Adoption by 25%,Support Issues,Poor documentation,Created custom training program,41000,22,75,100,108,80,"**Company:** AnalyticsCo Labs
**Segment:** SMB   |   **Industry:** Energy   |   **Seats:** 22
**ARR:** $41,000

**Challenge:**
AnalyticsCo Labs was facing poor documentation. Feature adoption had stalled at 75% and the account was evaluating alternatives.

**Solution Implemented:**
Created custom training program. Customer Success worked with their leadership on a tailored plan.

**Results:**
- Feature adoption rose from 75% to 100%
- Support tickets reduced by 54%
- Renewed and expanded contract

**Key Learnings:**
Early intervention matters most for SMB accounts facing support issues."
SUCCESS-027,CUST-0074,MonitorPlus LLC,Enterprise,How MonitorPlus LLC Overcame Support Issues and Lifted Adoption by 37%,Support Issues,Slow response,Set up weekly check-ins,396900,129,63,100,90,73,"**Company:** MonitorPlus LLC
**Segment:** Enterprise   |   **Industry:** Education   |   **Seats:** 129
**ARR:** $396,900

**Challenge:**
MonitorPlus LLC was facing slow response. Feature adoption had stalled at 63% and the account was evaluating alternatives.

**Solution Implemented:**
Set up weekly check-ins. Customer Success worked with their leadership on a tailored plan.

**Results:**
- Feature adoption rose from 63% to 100%
- Support tickets reduced by 74%
- Renewed and expanded contract

**Key Learnings:**
Early intervention matters most for Enterprise accounts facing support issues."
SUCCESS-028,CUST-0075,CodeCraft LLC,Enterprise,How CodeCraft LLC Overcame Competition and Lifted Adoption by 32%,Competition,Better UX elsewhere,Highlighted unique differentiators,277900,170,68,100,74,41,"**Company:** CodeCraft LLC
**Segment:** Enterprise   |   **Industry:** Manufacturing   |   **Seats:** 170
**ARR:** $277,900

**Challenge:**
CodeCraft LLC was facing better ux elsewhere. Feature adoption had stalled at 68% and the account was evaluating alternatives.

**Solution Implemented:**
Highlighted unique differentiators. Customer Success worked with their leadership on a tailored plan.

**Results:**
- Feature adoption rose from 68% to 100%
- Support tickets reduced by 79%
- Renewed and expanded contract

**Key Learnings:**
Early intervention matters most for Enterprise accounts facing competition."
SUCCESS-029,CUST-0079,CacheMaster Technologies,Enterprise,How CacheMaster Technologies Overcame Product Fit and Lifted Adoption by 31%,Product Fit,Doesn't scale,Simplified workflow with automation,150700,265,63,94,84,65,"**Company:** CacheMaster Technologies
**Segment:** Enterprise   |   **Industry:** Media   |   **Seats:** 265
**ARR:** $150,700

**Challenge:**
CacheMaster Technologies was facing doesn't scale. Feature adoption had stalled at 63% and the account was evaluating alternatives.

**Solution Implemented:**
Simplified workflow with automation. Customer Success worked with their leadership on a tailored plan.

**Results:**
- Feature adoption rose from 63% to 94%
- Support tickets reduced by 52%
- Renewed and expanded contract

**Key Learnings:**
Early intervention matters most for Enterprise accounts facing product fit."
SUCCESS-030,CUST-0086,StreamPro LLC,SMB,How StreamPro LLC Overcame Support Issues and Lifted Adoption by 30%,Support Issues,Slow response,Created custom training program,48100,23,70,100,107,64,"**Company:** StreamPro LLC
**Segment:** SMB   |   **Industry:** Logistics   |   **Seats:** 23
**ARR:** $48,100

**Challenge:**
StreamPro LLC was facing slow response. Feature adoption had stalled at 70% and the account was evaluating alternatives.

**Solution Implemented:**
Created custom training program. Customer Success worked with their leadership on a tailored plan.

**Results:**
- Feature adoption rose from 70% to 100%
- Support tickets reduced by 40%
- Renewed and expanded contract

**Key Learnings:**
Early intervention matters most for SMB accounts facing support issues."
SUCCESS-031,CUST-0088,ComplianceHub Corp,Enterprise,How ComplianceHub Corp Overcame Competition and Lifted Adoption by 28%,Competition,Competitor cheaper,Matched competitor pricing,326500,255,47,75,51,60,"**Company:** ComplianceHub Corp
**Segment:** Enterprise   |   **Industry:** Retail   |   **Seats:** 255
**ARR:** $326,500

**Challenge:**
ComplianceHub Corp was facing competitor cheaper. Feature adoption had stalled at 47% and the account was evaluating alternatives.

**Solution Implemented:**
Matched competitor pricing. Customer Success worked with their leadership on a tailored plan.

**Results:**
- Feature adoption rose from 47% to 75%
- Support tickets reduced by 67%
- Renewed and expanded contract

**Key Learnings:**
Early intervention matters most for Enterprise accounts facing competition."
SUCCESS-032,CUST-0091,DisasterRecovery Technologies,SMB,How DisasterRecovery Technologies Overcame Competition and Lifted Adoption by 39%,Competition,Better UX elsewhere,Added requested features quickly,21000,24,56,95,98,56,"**Company:** DisasterRecovery Technologies
**Segment:** SMB   |   **Industry:** Media   |   **Seats:** 24
**ARR:** $21,000

**Challenge:**
DisasterRecovery Technologies was facing better ux elsewhere. Feature adoption had stalled at 56% and the account was evaluating alternatives.

**Solution Implemented:**
Added requested features quickly. Customer Success worked with their leadership on a tailored plan.

**Results:**
- Feature adoption rose from 56% to 95%
- Support tickets reduced by 74%
- Renewed and expanded contract

**Key Learnings:**
Early intervention matters most for SMB accounts facing competition."
SUCCESS-033,CUST-0094,LogStream Labs,Enterprise,How LogStream Labs Overcame Product Fit and Lifted Adoption by 35%,Product Fit,Doesn't scale,Provided API access for customization,168700,366,28,63,75,40,"**Company:** LogStream Labs
**Segment:** Enterprise   |   **Industry:** Financial Services   |   **Seats:** 366
**ARR:** $168,700

**Challenge:**
LogStream Labs was facing doesn't scale. Feature adoption had stalled at 28% and the account was evaluating alternatives.

**Solution Implemented:**
Provided API access for customization. Customer Success worked with their leadership on a tailored plan.

**Results:**
- Feature adoption rose from 28% to 63%
- Support tickets reduced by 75%
- Renewed and expanded contract

**Key Learnings:**
Early intervention matters most for Enterprise accounts facing product fit."
SUCCESS-034,CUST-0096,BackupCloud Inc,Commercial,How BackupCloud Inc Overcame Adoption Challenges and Lifted Adoption by 27%,Adoption Challenges,Team not using it,Provided implementation support,73600,38,38,65,70,69,"**Company:** BackupCloud Inc
**Segment:** Commercial   |   **Industry:** Logistics   |   **Seats:** 38
**ARR:** $73,600

**Challenge:**
BackupCloud Inc was facing team not using it. Feature adoption had stalled at 38% and the account was evaluating alternatives.

**Solution Implemented:**
Provided implementation support. Customer Success worked with their leadership on a tailored plan.

**Results:**
- Feature adoption rose from 38% to 65%
- Support tickets reduced by 42%
- Renewed and expanded contract

**Key Learnings:**
Early intervention matters most for Commercial accounts facing adoption challenges."
SUCCESS-035,CUST-0098,StreamPro Systems,SMB,How StreamPro Systems Overcame Product Fit and Lifted Adoption by 29%,Product Fit,Poor integration,Simplified workflow with automation,35400,14,71,100,145,56,"**Company:** StreamPro Systems
**Segment:** SMB   |   **Industry:** Financial Services   |   **Seats:** 14
**ARR:** $35,400

**Challenge:**
StreamPro Systems was facing poor integration. Feature adoption had stalled at 71% and the account was evaluating alternatives.

**Solution Implemented:**
Simplified workflow with automation. Customer Success worked with their leadership on a tailored plan.

**Results:**
- Feature adoption rose from 71% to 100%
- Support tickets reduced by 72%
- Renewed and expanded contract

**Key Learnings:**
Early intervention matters most for SMB accounts facing product fit."
SUCCESS-036,CUST-0099,DevTools Group,Commercial,How DevTools Group Overcame Competition and Lifted Adoption by 35%,Competition,Better UX elsewhere,Highlighted unique differentiators,145400,25,60,95,80,60,"**Company:** DevTools Group
**Segment:** Commercial   |   **Industry:** Technology   |   **Seats:** 25
**ARR:** $145,400

**Challenge:**
DevTools Group was facing better ux elsewhere. Feature adoption had stalled at 60% and the account was evaluating alternatives.

**Solution Implemented:**
Highlighted unique differentiators. Customer Success worked with their leadership on a tailored plan.

**Results:**
- Feature adoption rose from 60% to 95%
- Support tickets reduced by 77%
- Renewed and expanded contract

**Key Learnings:**
Early intervention matters most for Commercial accounts facing competition."
SUCCESS-037,CUST-0107,AuditPro Labs,Enterprise,How AuditPro Labs Overcame Support Issues and Lifted Adoption by 25%,Support Issues,Unresolved bugs,Assigned dedicated success manager,267500,132,60,85,40,40,"**Company:** AuditPro Labs
**Segment:** Enterprise   |   **Industry:** Public Sector   |   **Seats:** 132
**ARR:** $267,500

**Challenge:**
AuditPro Labs was facing unresolved bugs. Feature adoption had stalled at 60% and the account was evaluating alternatives.

**Solution Implemented:**
Assigned dedicated success manager. Customer Success worked with their leadership on a tailored plan.

**Results:**
- Feature adoption rose from 60% to 85%
- Support tickets reduced by 62%
- Renewed and expanded contract

**Key Learnings:**
Early intervention matters most for Enterprise accounts facing support issues."
SUCCESS-038,CUST-0108,DevTools LLC,Enterprise,How DevTools LLC Overcame Competition and Lifted Adoption by 45%,Competition,Competitor cheaper,Improved product based on feedback,133600,132,52,97,99,64,"**Company:** DevTools LLC
**Segment:** Enterprise   |   **Industry:** Healthcare   |   **Seats:** 132
**ARR:** $133,600

**Challenge:**
DevTools LLC was facing competitor cheaper. Feature adoption had stalled at 52% and the account was evaluating alternatives.

**Solution Implemented:**
Improved product based on feedback. Customer Success worked with their leadership on a tailored plan.

**Results:**
- Feature adoption rose from 52% to 97%
- Support tickets reduced by 73%
- Renewed and expanded contract

**Key Learnings:**
Early intervention matters most for Enterprise accounts facing competition."
SUCCESS-039,CUST-0109,MonitorPlus Labs,SMB,How MonitorPlus Labs Overcame Competition and Lifted Adoption by 30%,Competition,Competitor has better features,Matched competitor pricing,12700,21,70,100,72,62,"**Company:** MonitorPlus Labs
**Segment:** SMB   |   **Industry:** Financial Services   |   **Seats:** 21
**ARR:** $12,700

**Challenge:**
MonitorPlus Labs was facing competitor has better features. Feature adoption had stalled at 70% and the account was evaluating alternatives.

**Solution Implemented:**
Matched competitor pricing. Customer Success worked with their leadership on a tailored plan.

**Results:**
- Feature adoption rose from 70% to 100%
- Support tickets reduced by 64%
- Renewed and expanded contract

**Key Learnings:**
Early intervention matters most for SMB accounts facing competition."
SUCCESS-040,CUST-0112,MicroServe Systems,SMB,How MicroServe Systems Overcame Adoption Challenges and Lifted Adoption by 31%,Adoption Challenges,Lack of champions,Created internal champions program,10800,21,41,72,137,48,"**Company:** MicroServe Systems
**Segment:** SMB   |   **Industry:** Technology   |   **Seats:** 21
**ARR:** $10,800

**Challenge:**
MicroServe Systems was facing lack of champions. Feature adoption had stalled at 41% and the account was evaluating alternatives.

**Solution Implemented:**
Created internal champions program. Customer Success worked with their leadership on a tailored plan.

**Results:**
- Feature adoption rose from 41% to 72%
- Support tickets reduced by 46%
- Renewed and expanded contract

**Key Learnings:**
Early intervention matters most for SMB accounts facing adoption challenges."
SUCCESS-041,CUST-0119,LogStream Inc,Enterprise,How LogStream Inc Overcame Adoption Challenges and Lifted Adoption by 28%,Adoption Challenges,Lack of champions,Created internal champions program,228500,90,46,74,52,55,"**Company:** LogStream Inc
**Segment:** Enterprise   |   **Industry:** Public Sector   |   **Seats:** 90
**ARR:** $228,500

**Challenge:**
LogStream Inc was facing lack of champions. Feature adoption had stalled at 46% and the account was evaluating alternatives.

**Solution Implemented:**
Created internal champions program. Customer Success worked with their leadership on a tailored plan.

**Results:**
- Feature adoption rose from 46% to 74%
- Support tickets reduced by 62%
- Renewed and expanded contract

**Key Learnings:**
Early intervention matters most for Enterprise accounts facing adoption challenges."
SUCCESS-042,CUST-0120,QueueManager Group,SMB,How QueueManager Group Overcame Pricing Concerns and Lifted Adoption by 27%,Pricing Concerns,Too expensive,Demonstrated ROI with detailed analytics,40700,18,61,88,131,66,"**Company:** QueueManager Group
**Segment:** SMB   |   **Industry:** Financial Services   |   **Seats:** 18
**ARR:** $40,700

**Challenge:**
QueueManager Group was facing too expensive. Feature adoption had stalled at 61% and the account was evaluating alternatives.

**Solution Implemented:**
Demonstrated ROI with detailed analytics. Customer Success worked with their leadership on a tailored plan.

**Results:**
- Feature adoption rose from 61% to 88%
- Support tickets reduced by 67%
- Renewed and expanded contract

**Key Learnings:**
Early intervention matters most for SMB accounts facing pricing concerns."
SUCCESS-043,CUST-0121,AnalyticsCo Group,SMB,How AnalyticsCo Group Overcame Support Issues and Lifted Adoption by 34%,Support Issues,Unresolved bugs,Created custom training program,11700,7,47,81,38,76,"**Company:** AnalyticsCo Group
**Segment:** SMB   |   **Industry:** Technology   |   **Seats:** 7
**ARR:** $11,700

**Challenge:**
AnalyticsCo Group was facing unresolved bugs. Feature adoption had stalled at 47% and the account was evaluating alternatives.

**Solution Implemented:**
Created custom training program. Customer Success worked with their leadership on a tailored plan.

**Results:**
- Feature adoption rose from 47% to 81%
- Support tickets reduced by 54%
- Renewed and expanded contract

**Key Learnings:**
Early intervention matters most for SMB accounts facing support issues."
SUCCESS-044,CUST-0122,DevOpsHub Corp,SMB,How DevOpsHub Corp Overcame Support Issues and Lifted Adoption by 39%,Support Issues,No training,Set up weekly check-ins,32200,7,42,81,145,79,"**Company:** DevOpsHub Corp
**Segment:** SMB   |   **Industry:** Logistics   |   **Seats:** 7
**ARR:** $32,200

**Challenge:**
DevOpsHub Corp was facing no training. Feature adoption had stalled at 42% and the account was evaluating alternatives.

**Solution Implemented:**
Set up weekly check-ins. Customer Success worked with their leadership on a tailored plan.

**Results:**
- Feature adoption rose from 42% to 81%
- Support tickets reduced by 58%
- Renewed and expanded contract

**Key Learnings:**
Early intervention matters most for SMB accounts facing support issues."
SUCCESS-045,CUST-0127,MetricsDash Labs,Enterprise,How MetricsDash Labs Overcame Adoption Challenges and Lifted Adoption by 38%,Adoption Challenges,Lack of champions,Conducted onboarding workshops,407700,471,62,100,117,72,"**Company:** MetricsDash Labs
**Segment:** Enterprise   |   **Industry:** Public Sector   |   **Seats:** 471
**ARR:** $407,700

**Challenge:**
MetricsDash Labs was facing lack of champions. Feature adoption had stalled at 62% and the account was evaluating alternatives.

**Solution Implemented:**
Conducted onboarding workshops. Customer Success worked with their leadership on a tailored plan.

**Results:**
- Feature adoption rose from 62% to 100%
- Support tickets reduced by 58%
- Renewed and expanded contract

**Key Learnings:**
Early intervention matters most for Enterprise accounts facing adoption challenges."
SUCCESS-046,CUST-0132,StreamPro Inc,Commercial,How StreamPro Inc Overcame Support Issues and Lifted Adoption by 33%,Support Issues,No training,Created custom training program,74500,71,39,72,119,47,"**Company:** StreamPro Inc
**Segment:** Commercial   |   **Industry:** Media   |   **Seats:** 71
**ARR:** $74,500

**Challenge:**
StreamPro Inc was facing no training. Feature adoption had stalled at 39% and the account was evaluating alternatives.

**Solution Implemented:**
Created custom training program. Customer Success worked with their leadership on a tailored plan.

**Results:**
- Feature adoption rose from 39% to 72%
- Support tickets reduced by 54%
- Renewed and expanded contract

**Key Learnings:**
Early intervention matters most for Commercial accounts facing support issues."
SUCCESS-047,CUST-0135,CloudScale Labs,SMB,How CloudScale Labs Overcame Support Issues and Lifted Adoption by 38%,Support Issues,Unresolved bugs,Set up weekly check-ins,59800,19,59,97,60,56,"**Company:** CloudScale Labs
**Segment:** SMB   |   **Industry:** Retail   |   **Seats:** 19
**ARR:** $59,800

**Challenge:**
CloudScale Labs was facing unresolved bugs. Feature adoption had stalled at 59% and the account was evaluating alternatives.

**Solution Implemented:**
Set up weekly check-ins. Customer Success worked with their leadership on a tailored plan.

**Results:**
- Feature adoption rose from 59% to 97%
- Support tickets reduced by 40%
- Renewed and expanded contract

**Key Learnings:**
Early intervention matters most for SMB accounts facing support issues."
SUCCESS-048,CUST-0138,DevOpsHub Group,SMB,How DevOpsHub Group Overcame Pricing Concerns and Lifted Adoption by 38%,Pricing Concerns,Too expensive,Demonstrated ROI with detailed analytics,44000,8,62,100,75,76,"**Company:** DevOpsHub Group
**Segment:** SMB   |   **Industry:** Media   |   **Seats:** 8
**ARR:** $44,000

**Challenge:**
DevOpsHub Group was facing too expensive. Feature adoption had stalled at 62% and the account was evaluating alternatives.

**Solution Implemented:**
Demonstrated ROI with detailed analytics. Customer Success worked with their leadership on a tailored plan.

**Results:**
- Feature adoption rose from 62% to 100%
- Support tickets reduced by 51%
- Renewed and expanded contract

**Key Learnings:**
Early intervention matters most for SMB accounts facing pricing concerns."
SUCCESS-049,CUST-0146,ScaleSystems Corp,Commercial,How ScaleSystems Corp Overcame Support Issues and Lifted Adoption by 29%,Support Issues,Poor documentation,Assigned dedicated success manager,117700,68,71,100,33,78,"**Company:** ScaleSystems Corp
**Segment:** Commercial   |   **Industry:** Healthcare   |   **Seats:** 68
**ARR:** $117,700

**Challenge:**
ScaleSystems Corp was facing poor documentation. Feature adoption had stalled at 71% and the account was evaluating alternatives.

**Solution Implemented:**
Assigned dedicated success manager. Customer Success worked with their leadership on a tailored plan.

**Results:**
- Feature adoption rose from 71% to 100%
- Support tickets reduced by 72%
- Renewed and expanded contract

**Key Learnings:**
Early intervention matters most for Commercial accounts facing support issues."
SUCCESS-050,CUST-0148,APIGateway Group,SMB,How APIGateway Group Overcame Support Issues and Lifted Adoption by 35%,Support Issues,Unresolved bugs,Assigned dedicated success manager,40800,23,65,100,57,57,"**Company:** APIGateway Group
**Segment:** SMB   |   **Industry:** Retail   |   **Seats:** 23
**ARR:** $40,800

**Challenge:**
APIGateway Group was facing unresolved bugs. Feature adoption had stalled at 65% and the account was evaluating alternatives.

**Solution Implemented:**
Assigned dedicated success manager. Customer Success worked with their leadership on a tailored plan.

**Results:**
- Feature adoption rose from 65% to 100%
- Support tickets reduced by 60%
- Renewed and expanded contract

**Key Learnings:**
Early intervention matters most for SMB accounts facing support issues."
SUCCESS-051,CUST-0159,MetricsDash Technologies,Enterprise,How MetricsDash Technologies Overcame Pricing Concerns and Lifted Adoption by 38%,Pricing Concerns,Too expensive,Demonstrated ROI with detailed analytics,441800,276,53,91,66,73,"**Company:** MetricsDash Technologies
**Segment:** Enterprise   |   **Industry:** Retail   |   **Seats:** 276
**ARR:** $441,800

**Challenge:**
MetricsDash Technologies was facing too expensive. Feature adoption had stalled at 53% and the account was evaluating alternatives.

**Solution Implemented:**
Demonstrated ROI with detailed analytics. Customer Success worked with their leadership on a tailored plan.

**Results:**
- Feature adoption rose from 53% to 91%
- Support tickets reduced by 69%
- Renewed and expanded contract

**Key Learnings:**
Early intervention matters most for Enterprise accounts facing pricing concerns."
SUCCESS-052,CUST-0163,DataBridge Inc,SMB,How DataBridge Inc Overcame Pricing Concerns and Lifted Adoption by 27%,Pricing Concerns,ROI not clear,Offered discount for annual commitment,18900,22,51,78,70,69,"**Company:** DataBridge Inc
**Segment:** SMB   |   **Industry:** Logistics   |   **Seats:** 22
**ARR:** $18,900

**Challenge:**
DataBridge Inc was facing roi not clear. Feature adoption had stalled at 51% and the account was evaluating alternatives.

**Solution Implemented:**
Offered discount for annual commitment. Customer Success worked with their leadership on a tailored plan.

**Results:**
- Feature adoption rose from 51% to 78%
- Support tickets reduced by 59%
- Renewed and expanded contract

**Key Learnings:**
Early intervention matters most for SMB accounts facing pricing concerns."
SUCCESS-053,CUST-0165,ComplianceHub Labs,SMB,How ComplianceHub Labs Overcame Support Issues and Lifted Adoption by 43%,Support Issues,Unresolved bugs,Created custom training program,20300,8,57,100,116,44,"**Company:** ComplianceHub Labs
**Segment:** SMB   |   **Industry:** Financial Services   |   **Seats:** 8
**ARR:** $20,300

**Challenge:**
ComplianceHub Labs was facing unresolved bugs. Feature adoption had stalled at 57% and the account was evaluating alternatives.

**Solution Implemented:**
Created custom training program. Customer Success worked with their leadership on a tailored plan.

**Results:**
- Feature adoption rose from 57% to 100%
- Support tickets reduced by 61%
- Renewed and expanded contract

**Key Learnings:**
Early intervention matters most for SMB accounts facing support issues."
SUCCESS-054,CUST-0169,CodeCraft Technologies,Commercial,How CodeCraft Technologies Overcame Support Issues and Lifted Adoption by 38%,Support Issues,No training,Set up weekly check-ins,134900,58,61,99,83,69,"**Company:** CodeCraft Technologies
**Segment:** Commercial   |   **Industry:** Energy   |   **Seats:** 58
**ARR:** $134,900

**Challenge:**
CodeCraft Technologies was facing no training. Feature adoption had stalled at 61% and the account was evaluating alternatives.

**Solution Implemented:**
Set up weekly check-ins. Customer Success worked with their leadership on a tailored plan.

**Results:**
- Feature adoption rose from 61% to 99%
- Support tickets reduced by 41%
- Renewed and expanded contract

**Key Learnings:**
Early intervention matters most for Commercial accounts facing support issues."
SUCCESS-055,CUST-0174,DevOpsHub Solutions,Commercial,How DevOpsHub Solutions Overcame Adoption Challenges and Lifted Adoption by 27%,Adoption Challenges,Team not using it,Created internal champions program,81300,25,72,99,62,67,"**Company:** DevOpsHub Solutions
**Segment:** Commercial   |   **Industry:** Manufacturing   |   **Seats:** 25
**ARR:** $81,300

**Challenge:**
DevOpsHub Solutions was facing team not using it. Feature adoption had stalled at 72% and the account was evaluating alternatives.

**Solution Implemented:**
Created internal champions program. Customer Success worked with their leadership on a tailored plan.

**Results:**
- Feature adoption rose from 72% to 99%
- Support tickets reduced by 51%
- Renewed and expanded contract

**Key Learnings:**
Early intervention matters most for Commercial accounts facing adoption challenges."
SUCCESS-056,CUST-0181,CloudVision Inc,SMB,How CloudVision Inc Overcame Support Issues and Lifted Adoption by 40%,Support Issues,Unresolved bugs,Assigned dedicated success manager,25000,7,48,88,124,51,"**Company:** CloudVision Inc
**Segment:** SMB   |   **Industry:** Manufacturing   |   **Seats:** 7
**ARR:** $25,000

**Challenge:**
CloudVision Inc was facing unresolved bugs. Feature adoption had stalled at 48% and the account was evaluating alternatives.

**Solution Implemented:**
Assigned dedicated success manager. Customer Success worked with their leadership on a tailored plan.

**Results:**
- Feature adoption rose from 48% to 88%
- Support tickets reduced by 49%
- Renewed and expanded contract

**Key Learnings:**
Early intervention matters most for SMB accounts facing support issues."
SUCCESS-057,CUST-0189,MetricsDash Systems,SMB,How MetricsDash Systems Overcame Adoption Challenges and Lifted Adoption by 35%,Adoption Challenges,Lack of champions,Simplified user interface,29400,7,18,53,38,60,"**Company:** MetricsDash Systems
**Segment:** SMB   |   **Industry:** Media   |   **Seats:** 7
**ARR:** $29,400

**Challenge:**
MetricsDash Systems was facing lack of champions. Feature adoption had stalled at 18% and the account was evaluating alternatives.

**Solution Implemented:**
Simplified user interface. Customer Success worked with their leadership on a tailored plan.

**Results:**
- Feature adoption rose from 18% to 53%
- Support tickets reduced by 49%
- Renewed and expanded contract

**Key Learnings:**
Early intervention matters most for SMB accounts facing adoption challenges."
SUCCESS-058,CUST-0192,WorkflowPro Solutions,SMB,How WorkflowPro Solutions Overcame Competition and Lifted Adoption by 28%,Competition,Competitor has better features,Matched competitor pricing,16800,15,66,94,101,75,"**Company:** WorkflowPro Solutions
**Segment:** SMB   |   **Industry:** Education   |   **Seats:** 15
**ARR:** $16,800

**Challenge:**
WorkflowPro Solutions was facing competitor has better features. Feature adoption had stalled at 66% and the account was evaluating alternatives.

**Solution Implemented:**
Matched competitor pricing. Customer Success worked with their leadership on a tailored plan.

**Results:**
- Feature adoption rose from 66% to 94%
- Support tickets reduced by 56%
- Renewed and expanded contract

**Key Learnings:**
Early intervention matters most for SMB accounts facing competition."
SUCCESS-059,CUST-0193,LoadBalance LLC,Commercial,How LoadBalance LLC Overcame Adoption Challenges and Lifted Adoption by 36%,Adoption Challenges,Too hard to onboard,Simplified user interface,128200,61,64,100,102,66,"**Company:** LoadBalance LLC
**Segment:** Commercial   |   **Industry:** Energy   |   **Seats:** 61
**ARR:** $128,200

**Challenge:**
LoadBalance LLC was facing too hard to onboard. Feature adoption had stalled at 64% and the account was evaluating alternatives.

**Solution Implemented:**
Simplified user interface. Customer Success worked with their leadership on a tailored plan.

**Results:**
- Feature adoption rose from 64% to 100%
- Support tickets reduced by 63%
- Renewed and expanded contract

**Key Learnings:**
Early intervention matters most for Commercial accounts facing adoption challenges."
SUCCESS-060,CUST-0194,CacheMaster Group,SMB,How CacheMaster Group Overcame Adoption Challenges and Lifted Adoption by 31%,Adoption Challenges,Too hard to onboard,Conducted onboarding workshops,57100,11,69,100,102,48,"**Company:** CacheMaster Group
**Segment:** SMB   |   **Industry:** Financial Services   |   **Seats:** 11
**ARR:** $57,100

**Challenge:**
CacheMaster Group was facing too hard to onboard. Feature adoption had stalled at 69% and the account was evaluating alternatives.

**Solution Implemented:**
Conducted onboarding workshops. Customer Success worked with their leadership on a tailored plan.

**Results:**
- Feature adoption rose from 69% to 100%
- Support tickets reduced by 75%
- Renewed and expanded contract

**Key Learnings:**
Early intervention matters most for SMB accounts facing adoption challenges."
